{"/01/3/plotting-the-classics":"https://jupyter.org/jupyter-book/01/3/Plotting_the_Classics.html","/03/1/expressions":"https://jupyter.org/jupyter-book/03/1/Expressions.html","/03/2/names":"https://jupyter.org/jupyter-book/03/2/Names.html","/03/3/calls":"https://jupyter.org/jupyter-book/03/3/Calls.html","/03/4/introduction-to-tables":"https://jupyter.org/jupyter-book/03/4/Introduction_to_Tables.html","/04/1/numbers":"https://jupyter.org/jupyter-book/04/1/Numbers.html","/04/2/strings":"https://jupyter.org/jupyter-book/04/2/Strings.html","/04/3/comparison":"https://jupyter.org/jupyter-book/04/3/Comparison.html","/04/types":"https://jupyter.org/jupyter-book/04/Types.html","/guide/01-overview":"https://jupyter.org/jupyter-book/guide/01_overview.html","/guide/02-create":"https://jupyter.org/jupyter-book/guide/02_create.html","/guide/03-build":"https://jupyter.org/jupyter-book/guide/03_build.html","/guide/04-faq":"https://jupyter.org/jupyter-book/guide/04_faq.html","/guide/05-advanced":"https://jupyter.org/jupyter-book/guide/05_advanced.html"}