{"/lessons/lesson10-python-for-data-science-functional-programming":"https://paiml.github.io/python_for_datascience/lessons/Lesson10_Python_For_Data_Science_Functional_Programming.html","/lessons/lesson11-python-for-data-science-lazy-evaluation":"https://paiml.github.io/python_for_datascience/lessons/Lesson11_Python_For_Data_Science_Lazy_Evaluation.html","/lessons/lesson12-python-for-data-science-pattern-matching":"https://paiml.github.io/python_for_datascience/lessons/Lesson12_Python_For_Data_Science_Pattern_Matching.html","/lessons/lesson13-python-for-data-science-sorting":"https://paiml.github.io/python_for_datascience/lessons/Lesson13_Python_For_Data_Science_Sorting.html","/lessons/lesson14-python-for-data-science-i-o":"https://paiml.github.io/python_for_datascience/lessons/Lesson14_Python_For_Data_Science_I_O.html","/lessons/lesson15-python-for-data-science-casestudies":"https://paiml.github.io/python_for_datascience/lessons/Lesson15_Python_For_Data_Science_CaseStudies.html","/lessons/lesson2-python-for-data-science-introduction-to-colab":"https://paiml.github.io/python_for_datascience/lessons/Lesson2_Python_For_Data_Science_Introduction_to_Colab.html","/lessons/lesson3-python-for-data-science-basics":"https://paiml.github.io/python_for_datascience/lessons/Lesson3_Python_For_Data_Science_Basics.html","/lessons/lesson4-python-for-data-science-strings":"https://paiml.github.io/python_for_datascience/lessons/Lesson4_Python_For_Data_Science_Strings.html","/lessons/lesson5-python-for-data-science-python-data-structure":"https://paiml.github.io/python_for_datascience/lessons/Lesson5_Python_For_Data_Science_Python_Data_structure.html","/lessons/lesson6-python-for-data-science-data-conversion-recipes":"https://paiml.github.io/python_for_datascience/lessons/Lesson6_Python_For_Data_Science_Data_Conversion_Recipes.html","/lessons/lesson7-python-for-datascience-execution-control":"https://paiml.github.io/python_for_datascience/lessons/Lesson7_Python_For_Datascience_Execution_Control.html","/lessons/lesson8-python-for-data-science-functions":"https://paiml.github.io/python_for_datascience/lessons/Lesson8_Python_For_Data_Science_Functions.html","/lessons/lesson9-python-for-data-science-data-science-libraries":"https://paiml.github.io/python_for_datascience/lessons/Lesson9_Python_For_Data_Science_Data_Science_Libraries.html"}